ticket;order;position_id;time;symbol;type;entry;volume;price;sl;tp;profit;swap;commission;magic;comment;reason
256866220;0;0;2026-08-29 14:18:13;;2;0;0.0;0.0;0;0;50000.0;0.0;0.0;0;demo;0
256867613;354704204;354704204;2026-08-29 15:08:50;BTCUSD;1;0;0.15;77578.36;0;0;0.0;0.0;0.0;88888;TT-MANU-L2;3
256867614;354704205;354704205;2026-08-29 15:08:51;BTCUSD;1;0;0.15;77578.36;0;0;0.0;0.0;0.0;88888;TT-MANU-L3;3
256867823;354704287;354704287;2026-08-29 15:18:18;BTCUSD;1;0;0.28;77641.5;0;0;0.0;0.0;0.0;88888;TT-MANU-L1;3
256926182;355037223;354704204;2026-08-30 19:15:26;BTCUSD;0;1;0.15;79200.0;0;0;-243.25;0.0;0.0;88888;[sl 79200.00];4
256926185;355037225;354704205;2026-08-30 19:15:26;BTCUSD;0;1;0.15;79200.0;0;0;-243.25;0.0;0.0;88888;[sl 79200.00];4
256926187;355037227;354704287;2026-08-30 19:15:26;BTCUSD;0;1;0.28;79200.0;0;0;-436.38;0.0;0.0;88888;[sl 79200.00];4
256930337;355054566;355054566;2026-08-30 20:02:54;BTCUSD;1;0;0.22;79215.16;0;0;0.0;0.0;0.0;88888;TT-GHPI-L1;3
256930338;355054567;355054567;2026-08-30 20:02:55;BTCUSD;1;0;0.22;79215.16;0;0;0.0;0.0;0.0;88888;TT-GHPI-L2;3
256931472;355060117;355054566;2026-08-30 20:19:19;BTCUSD;0;1;0.22;79000.0;0;0;47.34;0.0;0.0;88888;[tp 79000.00];5
256932266;355062667;355054567;2026-08-30 20:25:56;BTCUSD;0;1;0.22;78816.67;0;0;87.67;0.0;0.0;88888;;3
257488133;356096975;356096975;2026-08-31 12:29:32;XAUUSD.s;0;0;0.16;4439.88;0;0;0.0;0.0;0.0;88888;TT-GTMO-L1;3
257488135;356096978;356096978;2026-08-31 12:29:32;XAUUSD.s;0;0;0.16;4439.87;0;0;0.0;0.0;0.0;88888;TT-GTMO-L2;3
257488140;356096984;356096984;2026-08-31 12:29:33;XAUUSD.s;0;0;0.16;4439.87;0;0;0.0;0.0;0.0;88888;TT-GTMO-L3;3
257488886;356098183;356096975;2026-08-31 12:30:24;XAUUSD.s;1;1;0.16;4441.0;0;0;17.92;0.0;0.0;88888;[tp 4441.00];5
257490486;356101462;356096978;2026-08-31 12:34:12;XAUUSD.s;1;1;0.16;4443.0;0;0;50.08;0.0;0.0;88888;[tp 4443.00];5
257509255;356137291;356096984;2026-08-31 13:08:34;XAUUSD.s;1;1;0.08;4452.11;0;0;97.92;0.0;0.0;88888;;3
257563007;356245894;356245894;2026-08-31 14:49:18;XAUUSD.s;0;0;0.16;4454.22;0;0;0.0;0.0;0.0;88888;TT-GTMO-U1;3
257563008;356245896;356245896;2026-08-31 14:49:18;XAUUSD.s;0;0;0.16;4454.22;0;0;0.0;0.0;0.0;88888;TT-GTMO-U2;3
257563009;356245898;356245898;2026-08-31 14:49:18;XAUUSD.s;0;0;0.16;4454.22;0;0;0.0;0.0;0.0;88888;TT-GTMO-U3;3
257565861;356253393;356245894;2026-08-31 14:57:07;XAUUSD.s;1;1;0.16;4456.0;0;0;28.48;0.0;0.0;88888;[tp 4456.00];5
257573921;356269066;356245896;2026-08-31 15:09:07;XAUUSD.s;1;1;0.16;4454.32;0;0;1.6;0.0;0.0;88888;[sl 4454.32];4
257573922;356269068;356245898;2026-08-31 15:09:07;XAUUSD.s;1;1;0.16;4454.32;0;0;1.6;0.0;0.0;88888;[sl 4454.32];4
257605440;356321839;356096984;2026-08-31 15:40:39;XAUUSD.s;1;1;0.08;4439.97;0;0;0.8;0.0;0.0;88888;[sl 4439.97];4
257798729;356630363;356630363;2026-08-31 18:06:48;BTCUSD;1;0;0.2;78485.82;0;0;0.0;0.0;0.0;88888;TT-GHPI-L1;3
257798730;356630377;356630377;2026-08-31 18:06:48;BTCUSD;1;0;0.2;78487.76;0;0;0.0;0.0;0.0;88888;TT-GHPI-L2;3
257798731;356630394;356630394;2026-08-31 18:06:49;BTCUSD;1;0;0.2;78488.74;0;0;0.0;0.0;0.0;88888;TT-GHPI-L3;3
257814124;356656436;356630363;2026-08-31 18:18:46;BTCUSD;0;1;0.2;78250.0;0;0;47.16;0.0;0.0;88888;[tp 78250.00];5
257822084;356670502;356630394;2026-08-31 18:28:32;BTCUSD;0;1;0.2;78487.76;0;0;0.2;0.0;0.0;88888;[sl 78487.76];4
257906736;356811893;356811893;2026-08-31 20:19:32;BTCUSD;1;0;0.38;78589.58;0;0;0.0;0.0;0.0;88888;TT-GHPI-L1;3
257906744;356811913;356811913;2026-08-31 20:19:33;BTCUSD;1;0;0.38;78589.58;0;0;0.0;0.0;0.0;88888;TT-GHPI-L2;3
257966546;356926706;356630377;2026-08-31 22:09:17;BTCUSD;0;1;0.2;79240.0;0;0;-150.45;0.0;0.0;88888;[sl 79240.00];4
257966547;356926707;356811893;2026-08-31 22:09:17;BTCUSD;0;1;0.38;79240.0;0;0;-247.16;0.0;0.0;88888;[sl 79240.00];4
257966548;356926708;356811913;2026-08-31 22:09:17;BTCUSD;0;1;0.38;79240.0;0;0;-247.16;0.0;0.0;88888;[sl 79240.00];4
257968390;356930153;356930153;2026-08-31 22:12:52;USOUSD.s;1;0;0.11;86.106;0;0;0.0;0.0;0.0;88888;TT-MANU-L1;3
257968393;356930160;356930160;2026-08-31 22:12:52;USOUSD.s;1;0;0.11;86.106;0;0;0.0;0.0;0.0;88888;TT-MANU-L2;3
257968394;356930163;356930163;2026-08-31 22:12:52;USOUSD.s;1;0;0.11;86.106;0;0;0.0;0.0;0.0;88888;TT-MANU-L3;3
258241247;357535485;356930153;2026-09-01 07:41:51;USOUSD.s;0;1;0.11;87.43;0;0;-145.64;-4.48;0.0;88888;[sl 87.430];4
258241250;357535486;356930160;2026-09-01 07:41:51;USOUSD.s;0;1;0.11;87.43;0;0;-145.64;-4.48;0.0;88888;[sl 87.430];4
258241251;357535487;356930163;2026-09-01 07:41:51;USOUSD.s;0;1;0.11;87.43;0;0;-145.64;-4.48;0.0;88888;[sl 87.430];4
258260681;357582621;357582621;2026-09-01 08:27:21;USOUSD.s;1;0;0.06;87.238;0;0;0.0;0.0;0.0;88888;TT-GHPI-L1;3
258260683;357582626;357582626;2026-09-01 08:27:22;USOUSD.s;1;0;0.06;87.238;0;0;0.0;0.0;0.0;88888;TT-GHPI-L2;3
258260684;357582629;357582629;2026-09-01 08:27:22;USOUSD.s;1;0;0.06;87.238;0;0;0.0;0.0;0.0;88888;TT-GHPI-L3;3
258324335;357707562;357582621;2026-09-01 10:08:02;USOUSD.s;0;1;0.06;87.228;0;0;0.6;0.0;0.0;88888;[sl 87.228];4
258324336;357707563;357582626;2026-09-01 10:08:02;USOUSD.s;0;1;0.06;87.228;0;0;0.6;0.0;0.0;88888;[sl 87.228];4
258324337;357707564;357582629;2026-09-01 10:08:02;USOUSD.s;0;1;0.06;87.228;0;0;0.6;0.0;0.0;88888;[sl 87.228];4
258370263;357780885;357780885;2026-09-01 10:54:45;USOUSD.s;1;0;0.06;87.548;0;0;0.0;0.0;0.0;88888;TT-MANU-L1;3
258370267;357780889;357780889;2026-09-01 10:54:46;USOUSD.s;1;0;0.06;87.548;0;0;0.0;0.0;0.0;88888;TT-MANU-L2;3
258370270;357780890;357780890;2026-09-01 10:54:46;USOUSD.s;1;0;0.06;87.548;0;0;0.0;0.0;0.0;88888;TT-MANU-L3;3
258381337;357798578;357780890;2026-09-01 11:05:08;USOUSD.s;0;1;0.06;87.548;0;0;0.0;0.0;0.0;88888;[sl 87.548];4
258516055;357999561;357780885;2026-09-01 12:32:15;USOUSD.s;0;1;0.06;88.5;0;0;-57.12;0.0;0.0;88888;[sl 88.500];4
258516056;357999562;357780889;2026-09-01 12:32:15;USOUSD.s;0;1;0.06;88.5;0;0;-57.12;0.0;0.0;88888;[sl 88.500];4
258535041;358033885;358033885;2026-09-01 12:57:22;XAUUSD.s;1;0;0.08;4369.04;0;0;0.0;0.0;0.0;88888;TT-GTMO-U1;3
258535043;358033887;358033887;2026-09-01 12:57:22;XAUUSD.s;1;0;0.08;4369.03;0;0;0.0;0.0;0.0;88888;TT-GTMO-U2;3
258535044;358033889;358033889;2026-09-01 12:57:22;XAUUSD.s;1;0;0.08;4369.02;0;0;0.0;0.0;0.0;88888;TT-GTMO-U3;3
258536685;358036820;358033885;2026-09-01 12:59:25;XAUUSD.s;0;1;0.08;4367.0;0;0;16.32;0.0;0.0;88888;[tp 4367.00];5
258537623;358037990;358033887;2026-09-01 12:59:39;XAUUSD.s;0;1;0.08;4365.0;0;0;32.24;0.0;0.0;88888;[tp 4365.00];5
258539887;358041937;358033889;2026-09-01 13:01:30;XAUUSD.s;0;1;0.08;4369.02;0;0;0.0;0.0;0.0;88888;[sl 4369.02];4
258572177;358095980;358095980;2026-09-01 13:45:25;XAUUSD.s;1;0;0.08;4380.46;0;0;0.0;0.0;0.0;88888;TT-GTMO-U1;3
258572178;358095981;358095981;2026-09-01 13:45:25;XAUUSD.s;1;0;0.08;4380.4;0;0;0.0;0.0;0.0;88888;TT-GTMO-U2;3
258572180;358095983;358095983;2026-09-01 13:45:26;XAUUSD.s;1;0;0.08;4380.38;0;0;0.0;0.0;0.0;88888;TT-GTMO-U3;3
258575280;358100319;358095980;2026-09-01 13:47:48;XAUUSD.s;0;1;0.08;4378.0;0;0;19.68;0.0;0.0;88888;[tp 4378.00];5
258581397;358108887;358095981;2026-09-01 13:52:32;XAUUSD.s;0;1;0.08;4376.0;0;0;35.2;0.0;0.0;88888;[tp 4376.00];5
258588599;358121054;358095983;2026-09-01 14:03:58;XAUUSD.s;0;1;0.08;4380.38;0;0;0.0;0.0;0.0;88888;[sl 4380.38];4
258619703;358175724;358175724;2026-09-01 14:54:18;XAUUSD.s;1;0;0.08;4380.92;0;0;0.0;0.0;0.0;88888;TT-GTMO-U1;3
258619704;358175727;358175727;2026-09-01 14:54:18;XAUUSD.s;1;0;0.08;4380.92;0;0;0.0;0.0;0.0;88888;TT-GTMO-U2;3
258619707;358175732;358175732;2026-09-01 14:54:18;XAUUSD.s;1;0;0.08;4380.93;0;0;0.0;0.0;0.0;88888;TT-GTMO-U3;3
258620775;358177159;358175724;2026-09-01 14:55:03;XAUUSD.s;0;1;0.08;4378.92;0;0;16.0;0.0;0.0;88888;[tp 4378.92];5
258621903;358178643;358175727;2026-09-01 14:55:41;XAUUSD.s;0;1;0.08;4377.0;0;0;31.36;0.0;0.0;88888;[tp 4377.00];5
258626734;358185237;358175732;2026-09-01 14:59:17;XAUUSD.s;0;1;0.08;4374.32;0;0;52.88;0.0;0.0;88888;TeleTrader-Close;3
258918849;358663577;358663577;2026-09-01 18:31:03;BTCUSD;1;0;0.09;77820.19;0;0;0.0;0.0;0.0;88888;TT-MANU-L1;3
258918854;358663581;358663581;2026-09-01 18:31:04;BTCUSD;1;0;0.09;77820.18;0;0;0.0;0.0;0.0;88888;TT-MANU-L2;3
258918858;358663586;358663586;2026-09-01 18:31:04;BTCUSD;1;0;0.09;77820.18;0;0;0.0;0.0;0.0;88888;TT-MANU-L3;3
258956556;358728131;358663577;2026-09-01 19:18:56;BTCUSD;0;1;0.09;77600.0;0;0;19.82;0.0;0.0;88888;[tp 77600.00];5
259035880;358868967;358663581;2026-09-01 20:59:12;BTCUSD;0;1;0.09;77300.0;0;0;46.82;0.0;0.0;88888;[tp 77300.00];5
259071628;358927700;358663586;2026-09-01 21:49:24;BTCUSD;0;1;0.09;76740.17;0;0;97.2;0.0;0.0;0;;1
259669633;360053458;360053458;2026-09-02 13:12:28;XAUUSD.s;1;0;0.32;4303.55;0;0;0.0;0.0;0.0;88888;TT-GTMO-U1;3
259669635;360053460;360053460;2026-09-02 13:12:28;XAUUSD.s;1;0;0.32;4303.57;0;0;0.0;0.0;0.0;88888;TT-GTMO-U2;3
259669636;360053461;360053461;2026-09-02 13:12:29;XAUUSD.s;1;0;0.32;4303.57;0;0;0.0;0.0;0.0;88888;TT-GTMO-U3;3
259704040;360120247;360053458;2026-09-02 14:09:58;XAUUSD.s;0;1;0.32;4314.0;0;0;-334.4;0.0;0.0;88888;[sl 4314.00];4
259704047;360120248;360053460;2026-09-02 14:09:58;XAUUSD.s;0;1;0.32;4314.0;0;0;-333.76;0.0;0.0;88888;[sl 4314.00];4
259704051;360120249;360053461;2026-09-02 14:09:58;XAUUSD.s;0;1;0.32;4314.0;0;0;-333.76;0.0;0.0;88888;[sl 4314.00];4
259747222;360195734;360195734;2026-09-02 14:50:08;XAUUSD.s;1;0;0.31;4324.92;0;0;0.0;0.0;0.0;88888;TT-GTMO-U1;3
259747223;360195737;360195737;2026-09-02 14:50:08;XAUUSD.s;1;0;0.31;4324.92;0;0;0.0;0.0;0.0;88888;TT-GTMO-U2;3
259747224;360195739;360195739;2026-09-02 14:50:08;XAUUSD.s;1;0;0.31;4324.92;0;0;0.0;0.0;0.0;88888;TT-GTMO-U3;3
259762634;360221082;360195734;2026-09-02 15:04:47;XAUUSD.s;0;1;0.31;4335.0;0;0;-312.48;0.0;0.0;88888;[sl 4335.00];4
259762672;360221083;360195737;2026-09-02 15:04:47;XAUUSD.s;0;1;0.31;4335.0;0;0;-312.48;0.0;0.0;88888;[sl 4335.00];4
259762673;360221084;360195739;2026-09-02 15:04:47;XAUUSD.s;0;1;0.31;4335.0;0;0;-312.48;0.0;0.0;88888;[sl 4335.00];4
259922182;360465374;360465374;2026-09-02 16:54:02;XAUUSD.s;0;0;0.31;4376.15;0;0;0.0;0.0;0.0;88888;TT-GTMO-U1;3
259922187;360465379;360465379;2026-09-02 16:54:02;XAUUSD.s;0;0;0.31;4376.11;0;0;0.0;0.0;0.0;88888;TT-GTMO-U2;3
259922194;360465384;360465384;2026-09-02 16:54:02;XAUUSD.s;0;0;0.31;4376.05;0;0;0.0;0.0;0.0;88888;TT-GTMO-U3;3
259927227;360472645;360465374;2026-09-02 16:57:18;XAUUSD.s;1;1;0.31;4378.16;0;0;62.31;0.0;0.0;88888;[tp 4378.16];5
259928952;360474767;360465379;2026-09-02 16:57:54;XAUUSD.s;1;1;0.31;4376.11;0;0;-0.0;0.0;0.0;88888;[sl 4376.11];4
259944755;360497490;360465384;2026-09-02 17:05:54;XAUUSD.s;1;1;0.31;4388.62;0;0;389.67;0.0;0.0;88888;TeleTrader-Close;3
260551814;361691339;361691339;2026-09-03 10:37:55;BTCUSD;0;0;0.08;77934.09;0;0;0.0;0.0;0.0;88888;TT-GHPI-L1;3
260551815;361691340;361691340;2026-09-03 10:37:56;BTCUSD;0;0;0.08;77934.09;0;0;0.0;0.0;0.0;88888;TT-GHPI-L2;3
260551816;361691341;361691341;2026-09-03 10:37:56;BTCUSD;0;0;0.08;77934.09;0;0;0.0;0.0;0.0;88888;TT-GHPI-L3;3
260602111;361781668;361691339;2026-09-03 11:36:05;BTCUSD;1;1;0.08;77940.35;0;0;0.5;0.0;0.0;88888;;3
260617927;361812746;361812746;2026-09-03 12:03:36;XAUUSD.s;0;0;0.31;4435.24;0;0;0.0;0.0;0.0;88888;TT-GTMO-U1;3
260617928;361812747;361812747;2026-09-03 12:03:36;XAUUSD.s;0;0;0.31;4435.26;0;0;0.0;0.0;0.0;88888;TT-GTMO-U2;3
260617929;361812748;361812748;2026-09-03 12:03:36;XAUUSD.s;0;0;0.31;4435.24;0;0;0.0;0.0;0.0;88888;TT-GTMO-U3;3
260618456;361813779;361812746;2026-09-03 12:04:40;XAUUSD.s;1;1;0.31;4437.0;0;0;54.56;0.0;0.0;88888;[tp 4437.00];5
260620483;361817466;361812747;2026-09-03 12:07:58;XAUUSD.s;1;1;0.31;4439.0;0;0;115.94;0.0;0.0;88888;[tp 4439.00];5
260627262;361830311;361812748;2026-09-03 12:19:17;XAUUSD.s;1;1;0.31;4435.24;0;0;-0.0;0.0;0.0;88888;[sl 4435.24];4
260631453;361839870;361839870;2026-09-03 12:28:01;XAUUSD.s;0;0;0.31;4434.87;0;0;0.0;0.0;0.0;88888;TT-GTMO-U1;3
260631454;361839871;361839871;2026-09-03 12:28:01;XAUUSD.s;0;0;0.31;4434.87;0;0;0.0;0.0;0.0;88888;TT-GTMO-U2;3
260631456;361839873;361839873;2026-09-03 12:28:01;XAUUSD.s;0;0;0.31;4434.87;0;0;0.0;0.0;0.0;88888;TT-GTMO-U3;3
260633380;361843703;361839870;2026-09-03 12:30:10;XAUUSD.s;1;1;0.31;4437.0;0;0;66.03;0.0;0.0;88888;[tp 4437.00];5
260657711;361892069;361839871;2026-09-03 13:10:01;XAUUSD.s;1;1;0.31;4425.0;0;0;-305.97;0.0;0.0;88888;[sl 4425.00];4
260657713;361892070;361839873;2026-09-03 13:10:01;XAUUSD.s;1;1;0.31;4425.0;0;0;-305.97;0.0;0.0;88888;[sl 4425.00];4
260776399;362099135;361691340;2026-09-03 15:32:08;BTCUSD;1;1;0.08;78350.0;0;0;33.27;0.0;0.0;88888;[tp 78350.00];5
260825882;362173201;361691341;2026-09-03 15:55:31;BTCUSD;1;1;0.08;78600.0;0;0;53.27;0.0;0.0;88888;[tp 78600.00];5
260829812;362179014;362179014;2026-09-03 15:57:33;BTCUSD;1;0;0.18;78692.48;0;0;0.0;0.0;0.0;88888;TT-GHPI-L1;3
260840157;362196135;362179014;2026-09-03 16:03:34;BTCUSD;0;1;0.18;78692.48;0;0;0.0;0.0;0.0;88888;[sl 78692.48];4
261143192;362721522;362721522;2026-09-03 20:48:01;BTCUSD;0;0;0.04;81176.95;0;0;0.0;0.0;0.0;88888;TT-GHPI-L1;3
261143195;362721526;362721526;2026-09-03 20:48:02;BTCUSD;0;0;0.04;81175.35;0;0;0.0;0.0;0.0;88888;TT-GHPI-L2;3
261143197;362721529;362721529;2026-09-03 20:48:02;BTCUSD;0;0;0.04;81176.56;0;0;0.0;0.0;0.0;88888;TT-GHPI-L3;3
261181133;362796736;362721522;2026-09-03 22:04:53;BTCUSD;1;1;0.04;81400.0;0;0;8.92;0.0;0.0;88888;[tp 81400.00];5
261185608;362805861;362721529;2026-09-03 22:14:53;BTCUSD;1;1;0.04;81197.49;0;0;0.84;0.0;0.0;88888;TeleTrader-HoldLowest;3
261199082;362836114;362721526;2026-09-03 22:52:12;BTCUSD;1;1;0.04;81700.0;0;0;20.99;0.0;0.0;88888;[tp 81700.00];5
261576871;363415795;363415795;2026-09-04 12:36:59;XAUUSD.s;0;0;0.31;4469.45;0;0;0.0;0.0;0.0;88888;TT-GTMO-U1;3
261576872;363415797;363415797;2026-09-04 12:36:59;XAUUSD.s;0;0;0.31;4469.43;0;0;0.0;0.0;0.0;88888;TT-GTMO-U2;3
261576873;363415799;363415799;2026-09-04 12:36:59;XAUUSD.s;0;0;0.31;4469.44;0;0;0.0;0.0;0.0;88888;TT-GTMO-U3;3
261591171;363435523;363415795;2026-09-04 13:13:57;XAUUSD.s;1;1;0.31;4471.47;0;0;62.62;0.0;0.0;88888;[tp 4471.47];5
261592228;363436738;363415799;2026-09-04 13:14:48;XAUUSD.s;1;1;0.31;4472.75;0;0;102.61;0.0;0.0;88888;;3
261592229;363436739;363415797;2026-09-04 13:14:48;XAUUSD.s;1;1;0.15;4472.72;0;0;49.35;0.0;0.0;88888;;3
261595208;363441070;363415797;2026-09-04 13:22:48;XAUUSD.s;1;1;0.16;4469.53;0;0;1.6;0.0;0.0;88888;[sl 4469.53];4
262290143;364451626;364451626;2026-09-05 18:25:08;BTCUSD;1;0;0.08;79751.45;0;0;0.0;0.0;0.0;88888;TT-GHPI-L1;3
262290144;364451627;364451627;2026-09-05 18:25:09;BTCUSD;1;0;0.08;79751.45;0;0;0.0;0.0;0.0;88888;TT-GHPI-L2;3
262290145;364451628;364451628;2026-09-05 18:25:09;BTCUSD;1;0;0.08;79751.43;0;0;0.0;0.0;0.0;88888;TT-GHPI-L3;3
262294742;364467278;364467278;2026-09-05 19:33:59;BTCUSD;1;0;0.09;79908.33;0;0;0.0;0.0;0.0;88888;TT-GHPI-L1;3
262294743;364467279;364467279;2026-09-05 19:34:00;BTCUSD;1;0;0.09;79908.33;0;0;0.0;0.0;0.0;88888;TT-GHPI-L2;3
262294744;364467280;364467280;2026-09-05 19:34:00;BTCUSD;1;0;0.09;79908.33;0;0;0.0;0.0;0.0;88888;TT-GHPI-L3;3
262294954;364464577;364464577;2026-09-05 19:34:58;BTCUSD;1;0;0.1;79976.5;0;0;0.0;0.0;0.0;88888;TT-GHPI-L1;3
262294955;364464578;364464578;2026-09-05 19:34:58;BTCUSD;1;0;0.1;79976.5;0;0;0.0;0.0;0.0;88888;TT-GHPI-L2;3
262294956;364464579;364464579;2026-09-05 19:34:58;BTCUSD;1;0;0.1;79976.5;0;0;0.0;0.0;0.0;88888;TT-GHPI-L3;3
262350430;364577676;364451628;2026-09-06 12:34:36;BTCUSD;0;1;0.08;80002.17;0;0;-20.06;0.0;0.0;88888;;3
262350431;364577677;364451626;2026-09-06 12:34:36;BTCUSD;0;1;0.08;80002.17;0;0;-20.05;0.0;0.0;88888;;3
262350432;364577678;364451627;2026-09-06 12:34:36;BTCUSD;0;1;0.08;80000.8;0;0;-19.94;0.0;0.0;88888;;3
262376979;364606384;364464578;2026-09-06 17:38:32;BTCUSD;0;1;0.1;79603.62;0;0;37.29;0.0;0.0;88888;TeleTrader-HoldLowest;3
262376980;364606385;364464579;2026-09-06 17:38:32;BTCUSD;0;1;0.1;79603.62;0;0;37.29;0.0;0.0;88888;TeleTrader-HoldLowest;3
262376981;364606386;364467278;2026-09-06 17:38:32;BTCUSD;0;1;0.09;79605.9;0;0;27.22;0.0;0.0;88888;TeleTrader-HoldLowest;3
262376982;364606387;364467279;2026-09-06 17:38:32;BTCUSD;0;1;0.09;79605.9;0;0;27.22;0.0;0.0;88888;TeleTrader-HoldLowest;3
262376983;364606388;364467280;2026-09-06 17:38:32;BTCUSD;0;1;0.09;79605.9;0;0;27.22;0.0;0.0;88888;TeleTrader-HoldLowest;3
262895767;365421946;365421946;2026-09-07 13:22:26;XAUUSD.s;1;0;0.31;4399.98;0;0;0.0;0.0;0.0;88888;TT-GTMO-U1;3
262895768;365421947;365421947;2026-09-07 13:22:27;XAUUSD.s;1;0;0.31;4399.98;0;0;0.0;0.0;0.0;88888;TT-GTMO-U2;3
262895769;365421948;365421948;2026-09-07 13:22:27;XAUUSD.s;1;0;0.31;4399.98;0;0;0.0;0.0;0.0;88888;TT-GTMO-U3;3
262898008;365424970;365421946;2026-09-07 13:26:14;XAUUSD.s;0;1;0.31;4398.0;0;0;61.38;0.0;0.0;88888;[tp 4398.00];5
262900592;365428899;365421947;2026-09-07 13:30:49;XAUUSD.s;0;1;0.31;4396.0;0;0;123.38;0.0;0.0;88888;[tp 4396.00];5
262961583;365507261;365421948;2026-09-07 14:38:34;XAUUSD.s;0;1;0.15;4388.32;0;0;174.9;0.0;0.0;88888;;3
262996773;365557345;365421948;2026-09-07 15:59:12;XAUUSD.s;0;1;0.16;4396.5;0;0;55.68;0.0;0.0;88888;TeleTrader-Close;3
263561706;366345244;364464577;2026-09-08 09:57:53;BTCUSD;0;1;0.1;78297.42;0;0;167.91;0.0;0.0;88888;TeleTrader-Close;3
263693089;366538259;366538259;2026-09-08 12:46:25;XAUUSD.s;0;0;0.31;4402.89;0;0;0.0;0.0;0.0;88888;TT-GTMO-U1;3
263693090;366538260;366538260;2026-09-08 12:46:26;XAUUSD.s;0;0;0.31;4402.9;0;0;0.0;0.0;0.0;88888;TT-GTMO-U2;3
263693091;366538262;366538262;2026-09-08 12:46:26;XAUUSD.s;0;0;0.31;4402.9;0;0;0.0;0.0;0.0;88888;TT-GTMO-U3;3
263696133;366543590;366538259;2026-09-08 12:51:50;XAUUSD.s;1;1;0.31;4405.0;0;0;65.41;0.0;0.0;88888;[tp 4405.00];5
263718089;366573897;366538260;2026-09-08 13:21:30;XAUUSD.s;1;1;0.31;4402.88;0;0;-0.62;0.0;0.0;88888;;3
263718090;366573899;366538262;2026-09-08 13:21:30;XAUUSD.s;1;1;0.31;4402.93;0;0;0.93;0.0;0.0;88888;TeleTrader-Close;3
263722555;366580258;366580258;2026-09-08 13:29:30;BTCUSD;1;0;0.07;78823.06;0;0;0.0;0.0;0.0;88888;TT-GHPI-L1;3
263722556;366580259;366580259;2026-09-08 13:29:31;BTCUSD;1;0;0.07;78823.06;0;0;0.0;0.0;0.0;88888;TT-GHPI-L2;3
263722558;366580262;366580262;2026-09-08 13:29:31;BTCUSD;1;0;0.07;78823.06;0;0;0.0;0.0;0.0;88888;TT-GHPI-L3;3
263733941;366597579;366580258;2026-09-08 13:52:25;BTCUSD;0;1;0.07;78650.0;0;0;12.11;0.0;0.0;88888;[tp 78650.00];5
263826657;366729269;366729269;2026-09-08 15:35:21;XAUUSD.s;1;0;0.31;4401.73;0;0;0.0;0.0;0.0;88888;TT-GTMO-U1;3
263826662;366729282;366729282;2026-09-08 15:35:21;XAUUSD.s;1;0;0.31;4401.73;0;0;0.0;0.0;0.0;88888;TT-GTMO-U2;3
263826666;366729290;366729290;2026-09-08 15:35:21;XAUUSD.s;1;0;0.31;4401.75;0;0;0.0;0.0;0.0;88888;TT-GTMO-U3;3
263829788;366733965;366729282;2026-09-08 15:38:37;XAUUSD.s;0;1;0.31;4399.0;0;0;84.63;0.0;0.0;88888;[tp 4399.00];5
263830996;366735857;366729269;2026-09-08 15:39:41;XAUUSD.s;0;1;0.31;4401.73;0;0;0.0;0.0;0.0;88888;[sl 4401.73];4
263831005;366735868;366729290;2026-09-08 15:39:41;XAUUSD.s;0;1;0.31;4401.75;0;0;0.0;0.0;0.0;88888;[sl 4401.75];4
263903682;366831970;366580259;2026-09-08 16:32:43;BTCUSD;0;1;0.07;78150.0;0;0;47.11;0.0;0.0;88888;[tp 78150.00];5
263949199;366891099;366580262;2026-09-08 16:55:58;BTCUSD;0;1;0.04;77982.89;0;0;33.6;0.0;0.0;88888;;3
264080632;367071997;366580262;2026-09-08 18:51:07;BTCUSD;0;1;0.03;78822.96;0;0;0.0;0.0;0.0;88888;[sl 78822.96];4
264749824;368196754;368196754;2026-09-09 13:10:16;XAUUSD.s;1;0;0.32;4392.04;0;0;0.0;0.0;0.0;88888;TT-GTMO-U1;3
264749825;368196755;368196755;2026-09-09 13:10:16;XAUUSD.s;1;0;0.32;4392.03;0;0;0.0;0.0;0.0;88888;TT-GTMO-U2;3
264749826;368196756;368196756;2026-09-09 13:10:16;XAUUSD.s;1;0;0.32;4392.03;0;0;0.0;0.0;0.0;88888;TT-GTMO-U3;3
264752933;368202690;368196754;2026-09-09 13:16:01;XAUUSD.s;0;1;0.32;4390.0;0;0;65.28;0.0;0.0;88888;[tp 4390.00];5
264776664;368246477;368196755;2026-09-09 13:53:44;XAUUSD.s;0;1;0.32;4402.0;0;0;-319.04;0.0;0.0;88888;[sl 4402.00];4
264776668;368246479;368196756;2026-09-09 13:53:44;XAUUSD.s;0;1;0.32;4402.0;0;0;-319.04;0.0;0.0;88888;[sl 4402.00];4
264832403;368338406;368338406;2026-09-09 14:57:53;XAUUSD.s;0;0;0.31;4408.42;0;0;0.0;0.0;0.0;88888;TT-GTMO-U1;3
264832405;368338409;368338409;2026-09-09 14:57:54;XAUUSD.s;0;0;0.31;4408.42;0;0;0.0;0.0;0.0;88888;TT-GTMO-U2;3
264832407;368338412;368338412;2026-09-09 14:57:54;XAUUSD.s;0;0;0.31;4408.42;0;0;0.0;0.0;0.0;88888;TT-GTMO-U3;3
264856776;368375205;368338406;2026-09-09 15:20:05;XAUUSD.s;1;1;0.31;4395.5;0;0;-400.52;0.0;0.0;88888;[sl 4395.50];4
264856779;368375209;368338409;2026-09-09 15:20:05;XAUUSD.s;1;1;0.31;4395.5;0;0;-400.52;0.0;0.0;88888;[sl 4395.50];4
264856780;368375212;368338412;2026-09-09 15:20:05;XAUUSD.s;1;1;0.31;4395.5;0;0;-400.52;0.0;0.0;88888;[sl 4395.50];4
265130123;368772277;368772277;2026-09-09 18:09:12;BTCUSD;0;0;0.05;78631.43;0;0;0.0;0.0;0.0;88888;TT-GHPI-L1;3
265130201;368772364;368772364;2026-09-09 18:09:12;BTCUSD;0;0;0.05;78632.42;0;0;0.0;0.0;0.0;88888;TT-GHPI-L2;3
265130232;368772418;368772418;2026-09-09 18:09:13;BTCUSD;0;0;0.05;78636.07;0;0;0.0;0.0;0.0;88888;TT-GHPI-L3;3
265205221;368872159;368772418;2026-09-09 18:35:30;BTCUSD;1;1;0.05;78621.48;0;0;-0.73;0.0;0.0;88888;;3
265270944;368972923;368772277;2026-09-09 19:34:08;BTCUSD;1;1;0.05;78900.0;0;0;13.43;0.0;0.0;88888;[tp 78900.00];5
